<?xml version="1.0" encoding="UTF-8"?>
<!DOCTYPE nmaprun>
<?xml-stylesheet href="file:///usr/bin/../share/nmap/nmap.xsl" type="text/xsl"?>
<!-- Nmap 7.80 scan initiated Mon Sep 13 08:16:55 2021 as: nmap -sV &quot;-p 22&quot; -&#45;script=vulners -oX /usr/src/app/hyper/scans/192.168.1.241.xml 192.168.1.241 -->
<nmaprun scanner="nmap" args="nmap -sV &quot;-p 22&quot; -&#45;script=vulners -oX /usr/src/app/hyper/scans/192.168.1.241.xml 192.168.1.241" start="1631521015" startstr="Mon Sep 13 08:16:55 2021" version="7.80" xmloutputversion="1.04">
<scaninfo type="syn" protocol="tcp" numservices="1" services="22"/>
<verbose level="0"/>
<debugging level="0"/>
<host starttime="1631521015" endtime="1631521016"><status state="up" reason="echo-reply" reason_ttl="63"/>
<address addr="192.168.1.241" addrtype="ipv4"/>
<hostnames>
<hostname name="unknown000c299911ea.attlocal.net" type="PTR"/>
</hostnames>
<ports><port protocol="tcp" portid="22"><state state="open" reason="syn-ack" reason_ttl="63"/><service name="ssh" product="OpenSSH" version="4.7p1 Debian 8ubuntu1" extrainfo="protocol 2.0" ostype="Linux" method="probed" conf="10"><cpe>cpe:/a:openbsd:openssh:4.7p1</cpe><cpe>cpe:/o:linux:linux_kernel</cpe></service><script id="vulners" output="&#xa;  cpe:/a:openbsd:openssh:4.7p1: &#xa;    &#x9;SECURITYVULNS:VULN:8166&#x9;7.5&#x9;https://vulners.com/securityvulns/SECURITYVULNS:VULN:8166&#xa;    &#x9;MSF:ILITIES/OPENBSD-OPENSSH-CVE-2010-4478/&#x9;7.5&#x9;https://vulners.com/metasploit/MSF:ILITIES/OPENBSD-OPENSSH-CVE-2010-4478/&#x9;*EXPLOIT*&#xa;    &#x9;MSF:ILITIES/LINUXRPM-ELSA-2008-0855/&#x9;7.5&#x9;https://vulners.com/metasploit/MSF:ILITIES/LINUXRPM-ELSA-2008-0855/&#x9;*EXPLOIT*&#xa;    &#x9;CVE-2010-4478&#x9;7.5&#x9;https://vulners.com/cve/CVE-2010-4478&#xa;    &#x9;CVE-2008-1657&#x9;6.5&#x9;https://vulners.com/cve/CVE-2008-1657&#xa;    &#x9;SSV:60656&#x9;5.0&#x9;https://vulners.com/seebug/SSV:60656&#x9;*EXPLOIT*&#xa;    &#x9;CVE-2017-15906&#x9;5.0&#x9;https://vulners.com/cve/CVE-2017-15906&#xa;    &#x9;CVE-2010-5107&#x9;5.0&#x9;https://vulners.com/cve/CVE-2010-5107&#xa;    &#x9;MSF:ILITIES/SUSE-CVE-2011-5000/&#x9;3.5&#x9;https://vulners.com/metasploit/MSF:ILITIES/SUSE-CVE-2011-5000/&#x9;*EXPLOIT*&#xa;    &#x9;MSF:ILITIES/ORACLE-SOLARIS-CVE-2012-0814/&#x9;3.5&#x9;https://vulners.com/metasploit/MSF:ILITIES/ORACLE-SOLARIS-CVE-2012-0814/&#x9;*EXPLOIT*&#xa;    &#x9;MSF:ILITIES/GENTOO-LINUX-CVE-2011-5000/&#x9;3.5&#x9;https://vulners.com/metasploit/MSF:ILITIES/GENTOO-LINUX-CVE-2011-5000/&#x9;*EXPLOIT*&#xa;    &#x9;MSF:ILITIES/AMAZON-LINUX-AMI-ALAS-2012-99/&#x9;3.5&#x9;https://vulners.com/metasploit/MSF:ILITIES/AMAZON-LINUX-AMI-ALAS-2012-99/&#x9;*EXPLOIT*&#xa;    &#x9;CVE-2012-0814&#x9;3.5&#x9;https://vulners.com/cve/CVE-2012-0814&#xa;    &#x9;CVE-2011-5000&#x9;3.5&#x9;https://vulners.com/cve/CVE-2011-5000&#xa;    &#x9;CVE-2008-5161&#x9;2.6&#x9;https://vulners.com/cve/CVE-2008-5161&#xa;    &#x9;CVE-2011-4327&#x9;2.1&#x9;https://vulners.com/cve/CVE-2011-4327&#xa;    &#x9;MSF:ILITIES/SSH-OPENSSH-X11USELOCALHOST-X11-FORWARDING-SESSION-HIJACK/&#x9;1.2&#x9;https://vulners.com/metasploit/MSF:ILITIES/SSH-OPENSSH-X11USELOCALHOST-X11-FORWARDING-SESSION-HIJACK/&#x9;*EXPLOIT*&#xa;    &#x9;CVE-2008-3259&#x9;1.2&#x9;https://vulners.com/cve/CVE-2008-3259&#xa;    &#x9;SECURITYVULNS:VULN:9455&#x9;0.0&#x9;https://vulners.com/securityvulns/SECURITYVULNS:VULN:9455&#xa;    &#x9;1337DAY-ID-20909&#x9;0.0&#x9;https://vulners.com/zdt/1337DAY-ID-20909&#x9;*EXPLOIT*"><table key="cpe:/a:openbsd:openssh:4.7p1">
<table>
<elem key="is_exploit">false</elem>
<elem key="id">SECURITYVULNS:VULN:8166</elem>
<elem key="type">securityvulns</elem>
<elem key="cvss">7.5</elem>
</table>
<table>
<elem key="is_exploit">true</elem>
<elem key="id">MSF:ILITIES/OPENBSD-OPENSSH-CVE-2010-4478/</elem>
<elem key="type">metasploit</elem>
<elem key="cvss">7.5</elem>
</table>
<table>
<elem key="is_exploit">true</elem>
<elem key="id">MSF:ILITIES/LINUXRPM-ELSA-2008-0855/</elem>
<elem key="type">metasploit</elem>
<elem key="cvss">7.5</elem>
</table>
<table>
<elem key="is_exploit">false</elem>
<elem key="id">CVE-2010-4478</elem>
<elem key="type">cve</elem>
<elem key="cvss">7.5</elem>
</table>
<table>
<elem key="is_exploit">false</elem>
<elem key="id">CVE-2008-1657</elem>
<elem key="type">cve</elem>
<elem key="cvss">6.5</elem>
</table>
<table>
<elem key="is_exploit">true</elem>
<elem key="id">SSV:60656</elem>
<elem key="type">seebug</elem>
<elem key="cvss">5.0</elem>
</table>
<table>
<elem key="is_exploit">false</elem>
<elem key="id">CVE-2017-15906</elem>
<elem key="type">cve</elem>
<elem key="cvss">5.0</elem>
</table>
<table>
<elem key="is_exploit">false</elem>
<elem key="id">CVE-2010-5107</elem>
<elem key="type">cve</elem>
<elem key="cvss">5.0</elem>
</table>
<table>
<elem key="is_exploit">true</elem>
<elem key="id">MSF:ILITIES/SUSE-CVE-2011-5000/</elem>
<elem key="type">metasploit</elem>
<elem key="cvss">3.5</elem>
</table>
<table>
<elem key="is_exploit">true</elem>
<elem key="id">MSF:ILITIES/ORACLE-SOLARIS-CVE-2012-0814/</elem>
<elem key="type">metasploit</elem>
<elem key="cvss">3.5</elem>
</table>
<table>
<elem key="is_exploit">true</elem>
<elem key="id">MSF:ILITIES/GENTOO-LINUX-CVE-2011-5000/</elem>
<elem key="type">metasploit</elem>
<elem key="cvss">3.5</elem>
</table>
<table>
<elem key="is_exploit">true</elem>
<elem key="id">MSF:ILITIES/AMAZON-LINUX-AMI-ALAS-2012-99/</elem>
<elem key="type">metasploit</elem>
<elem key="cvss">3.5</elem>
</table>
<table>
<elem key="is_exploit">false</elem>
<elem key="id">CVE-2012-0814</elem>
<elem key="type">cve</elem>
<elem key="cvss">3.5</elem>
</table>
<table>
<elem key="is_exploit">false</elem>
<elem key="id">CVE-2011-5000</elem>
<elem key="type">cve</elem>
<elem key="cvss">3.5</elem>
</table>
<table>
<elem key="is_exploit">false</elem>
<elem key="id">CVE-2008-5161</elem>
<elem key="type">cve</elem>
<elem key="cvss">2.6</elem>
</table>
<table>
<elem key="is_exploit">false</elem>
<elem key="id">CVE-2011-4327</elem>
<elem key="type">cve</elem>
<elem key="cvss">2.1</elem>
</table>
<table>
<elem key="is_exploit">true</elem>
<elem key="id">MSF:ILITIES/SSH-OPENSSH-X11USELOCALHOST-X11-FORWARDING-SESSION-HIJACK/</elem>
<elem key="type">metasploit</elem>
<elem key="cvss">1.2</elem>
</table>
<table>
<elem key="is_exploit">false</elem>
<elem key="id">CVE-2008-3259</elem>
<elem key="type">cve</elem>
<elem key="cvss">1.2</elem>
</table>
<table>
<elem key="is_exploit">false</elem>
<elem key="id">SECURITYVULNS:VULN:9455</elem>
<elem key="type">securityvulns</elem>
<elem key="cvss">0.0</elem>
</table>
<table>
<elem key="is_exploit">true</elem>
<elem key="id">1337DAY-ID-20909</elem>
<elem key="type">zdt</elem>
<elem key="cvss">0.0</elem>
</table>
</table>
</script></port>
</ports>
<times srtt="219" rttvar="3763" to="100000"/>
</host>
<runstats><finished time="1631521016" timestr="Mon Sep 13 08:16:56 2021" elapsed="1.23" summary="Nmap done at Mon Sep 13 08:16:56 2021; 1 IP address (1 host up) scanned in 1.23 seconds" exit="success"/><hosts up="1" down="0" total="1"/>
</runstats>
</nmaprun>
